fileId,title,cls,geminiRaw,geminiNorm,geminiHit,localPred,localHit
038ef53c-10a7-4f41-a477-12c9838a5d68,1F店面踢腳油漆施作及BF踢腳細部修繕,油漆-批土塗裝,踢腳板施作,油漆-批土塗裝,True,油漆-批土塗裝,True
051f64c7-14a0-4c78-92c6-462623f84321,電梯施作,設備-電梯,配電箱安裝,其他,False,泥作-壁磚貼飾,False
0585c09e-5b81-4648-bc26-b691bd9782a7,5F小門廳木作天花施作,木作-天花封板,天花板木作骨架與封板,木作-天花封板,True,木作-天花封板,True
07268990-bcb1-4307-bfb1-96f148353ab0,電梯施作,設備-電梯,電梯軌道安裝,設備-電梯,True,設備-電梯,True
07eb92f6-34a1-4aef-a218-78eac714892f,13F~7F外牆磁磚貼飾,泥作-壁磚貼飾,外牆磁磚鋪貼,泥作-壁磚貼飾,True,泥作-壁磚貼飾,True
09b198d9-3929-41fd-8638-deab5c98a878,BF地坪面漆缺失改善,油漆-批土塗裝,防水施作,防水-防水施作,False,油漆-批土塗裝,True
0a853944-a2fd-4b83-a663-f5ce9c122bd7,13F~12F室內牆面油漆批土,油漆-批土塗裝,油漆批土,油漆-批土塗裝,True,油漆-批土塗裝,True
0e2b86ad-aa0c-40f9-aed1-e38e5417a746,泥作地磚缺改收尾,泥作-地磚貼飾,人行道地坪修繕,其他,False,油漆-批土塗裝,False
10614883-7335-4571-a393-87bccb05681d,16F以下北側樓梯間油漆踢腳,油漆-批土塗裝,油漆粉刷,油漆-批土塗裝,True,油漆-批土塗裝,True
1071fdea-8a70-4e3a-984b-18cfd2eb0e3a,1F店面踢腳油漆施作及BF踢腳細部修繕,油漆-批土塗裝,油漆批土,油漆-批土塗裝,True,油漆-批土塗裝,True
11ae5988-cff4-40fc-936a-511ad894bf44,14F內部牆面打底,泥作-打底粉光,防水施作,防水-防水施作,False,泥作-打底粉光,True
18bee799-8807-4f7b-bb2a-c82bb2f4fa8e,泥作地磚缺改收尾,泥作-地磚貼飾,戶外地坪磁磚鋪貼,其他,False,泥作-地磚貼飾,True
1922e7c9-1224-4617-a2a4-1ff6b4a7f55f,R2F內部牆面粉光,泥作-打底粉光,牆面水泥粉刷,泥作-打底粉光,True,泥作-打底粉光,True
19378848-d2fa-4e61-9a6f-548475551043,5F小門廳木作天花施作,木作-天花封板,天花板木作角材骨架,木作-天花封板,True,木作-天花封板,True
1d763ad1-7cc0-41f4-b924-eb9dbbd02a56,6F及4F~3F室內地磚貼飾,泥作-地磚貼飾,地坪磁磚鋪貼,其他,False,泥作-地磚貼飾,True
1de3338a-cd43-47b8-86e0-a96857db7840,景觀陽台植栽缺失改善(景石),植栽-景觀,景觀植栽工程,植栽-景觀,True,植栽-景觀,True
1dee2a99-9ad1-47b1-b333-7f0b00f669d0,5F及2F小門廳木作天花施作,木作-天花封板,天花板封板,木作-天花封板,True,木作-天花封板,True
244f1977-01bb-4363-ad6d-c0f8539ab678,電梯施作,設備-電梯,電梯門框安裝,其他,False,設備-電梯,True
2598bd07-752d-41fc-b169-67c3f1b5d500,6F及4F~3F室內地磚貼飾,泥作-地磚貼飾,地坪磁磚鋪貼,其他,False,泥作-地磚貼飾,True
25e1bdfa-9858-4c4b-beda-d75dfb946530,R2F內部牆面粉光,泥作-打底粉光,牆面水泥粉刷,泥作-打底粉光,True,泥作-打底粉光,True
270e01d2-13b1-4ce7-b0b6-935cf05dbeb3,13F~7F欄杆鐵件預埋,金屬-欄杆鐵件,外牆鑽孔作業,其他,False,金屬-欄杆鐵件,True
27d79a9c-5a8c-40be-9443-2f113eb73efa,13F~12F室內牆面油漆批土,油漆-批土塗裝,牆面油漆批土,油漆-批土塗裝,True,油漆-批土塗裝,True
29231504-0577-4097-b123-88747c55e7ee,5F小門廳木作天花施作,木作-天花封板,天花板木骨架,木作-天花封板,True,木作-天花封板,True
29f8a838-ad8a-454d-944c-f8ae6ded2120,6F~4F室內地磚貼飾,泥作-地磚貼飾,地坪磁磚鋪貼,其他,False,泥作-地磚貼飾,True
2dedc462-e098-43f7-9a20-32da642877df,13F~7F外牆磁磚貼飾,泥作-壁磚貼飾,外牆磁磚鋪貼,泥作-壁磚貼飾,True,泥作-壁磚貼飾,True
3374c9c5-5c83-4aac-a27f-6a47ac26f1f6,13F~7F外牆磁磚貼飾,泥作-壁磚貼飾,外牆磁磚鋪貼,泥作-壁磚貼飾,True,泥作-壁磚貼飾,True
35aa6db6-15ea-4db2-9316-f9a592a4767e,11F走道墻面藝術漆保護施作,油漆-批土塗裝,輕隔間接縫處理,其他,False,油漆-批土塗裝,True
35c75364-7d85-4ebb-baf7-f07452294024,BF地坪面漆缺失改善,油漆-批土塗裝,地下室車道EPOXY地坪塗佈,其他,False,油漆-批土塗裝,True
36fe2c0d-42bd-4487-8690-fb7b12e7646c,電梯施作,設備-電梯,地坪打底粉刷,泥作-打底粉光,False,設備-電梯,True
3c4b0120-08cf-4ff1-a81f-e261a06ad9c3,15F內部牆面打底,泥作-打底粉光,牆面水泥砂漿粉刷,泥作-打底粉光,True,泥作-打底粉光,True
3cbc4598-3274-474a-ace1-dca97228affe,5F及2F小門廳木作天花施作,木作-天花封板,天花板封板,木作-天花封板,True,木作-天花封板,True
3d0632c6-1d0c-4d4e-8e1a-a5f6cf0ff6ae,電梯施作,設備-電梯,電梯軌道安裝,設備-電梯,True,設備-電梯,True
40fdd0df-b4cc-4a83-8d55-6312552b13d8,18F室內油漆踢腳,油漆-批土塗裝,踢腳板油漆,油漆-批土塗裝,True,油漆-批土塗裝,True
4262a8cd-da08-4723-beb6-50a90738aa11,13F室內牆面油漆批土,油漆-批土塗裝,牆面水泥粉刷,泥作-打底粉光,False,泥作-打底粉光,False
42c521c4-fec4-42bb-b8df-00559526e5f9,14F輕隔間批土,油漆-批土塗裝,油漆批土,油漆-批土塗裝,True,油漆-批土塗裝,True
446d85e7-fd3a-494a-8414-423007be43fe,13F~7F外牆磁磚貼飾,泥作-壁磚貼飾,外牆磁磚鋪貼,泥作-壁磚貼飾,True,泥作-壁磚貼飾,True
457d81ec-3a72-462e-b846-f8c9764e91cc,6F~4F室內地磚貼飾,泥作-地磚貼飾,地磚鋪貼,泥作-地磚貼飾,True,泥作-地磚貼飾,True
463e0a8c-cd58-4cea-9175-cf04eb235af6,13F~7F欄杆鐵件預埋,金屬-欄杆鐵件,混凝土打磨修飾,其他,False,金屬-欄杆鐵件,True
4767fcf3-2e41-4a4b-8bc4-171e68dd88d7,1F店面踢腳油漆施作及BF踢腳細部修繕,油漆-批土塗裝,油漆施作,油漆-批土塗裝,True,雜項-清潔,False
48c0c99a-69de-47ad-82cd-72328fe9978b,舊基礎切削作業,基礎-連續壁,基樁工程,基礎-連續壁,True,基礎-連續壁,True
4ab93ff8-4e95-4030-be7a-8604810ff399,5F及2F小門廳木作天花施作,木作-天花封板,天花板封板,木作-天花封板,True,木作-天花封板,True
4daa6a60-4fa1-4bf0-b056-a0dd1250e43d,舊基礎切削作業,基礎-連續壁,連續壁施工,基礎-連續壁,True,基礎-連續壁,True
4f717b24-09f8-499c-8b3c-2db4133cebd8,13F~7F外牆磁磚貼飾,泥作-壁磚貼飾,牆面磁磚鋪貼,其他,False,泥作-壁磚貼飾,True
4f8e0e05-06e3-4ddf-94d1-0d14010639ea,12F室內牆面油漆批土,油漆-批土塗裝,牆面油漆批土,油漆-批土塗裝,True,油漆-批土塗裝,True
4f9fbf8d-9eeb-4a92-8093-9928307a48f4,B1F油漆整理,油漆-批土塗裝,電線架安裝,其他,False,雜項-清潔,False
5272e22c-5682-4ea9-a15c-2862528b9250,13F~7F欄杆鐵件預埋,金屬-欄杆鐵件,欄桿安裝,其他,False,金屬-欄杆鐵件,True
56114b1d-2af2-4f7c-b056-a10b08a4f51f,1F中庭植栽缺失改善(枯死的),植栽-景觀,景觀綠化,植栽-景觀,True,植栽-景觀,True
576a77d6-8b9c-45ca-ae72-cf35620bd5ab,6F及4F~3F室內地磚貼飾,泥作-地磚貼飾,地坪磁磚鋪貼,其他,False,泥作-地磚貼飾,True
5f475e35-c74e-4e4c-8f0d-779ff37eb3e8,景觀陽台植栽缺失改善(景石),植栽-景觀,景觀植栽工程,植栽-景觀,True,植栽-景觀,True
623f7c81-634a-4934-bcf3-63ffc0808e5c,6F室內地磚貼飾,泥作-地磚貼飾,地坪磁磚鋪貼,其他,False,泥作-地磚貼飾,True
63203ef7-dc1e-4cea-8d45-57d5624b889b,25F走道墻面大面銀灰藝術漆,油漆-批土塗裝,油漆粉刷,油漆-批土塗裝,True,油漆-批土塗裝,True
638a50e9-e177-4f4f-8332-90ff3e0af464,中庭植栽整理及步道鋪設,植栽-景觀,景觀草皮鋪設,植栽-景觀,True,植栽-景觀,True
64670659-c020-41dc-896d-c9f94743ae61,10F浴室壁磚貼飾,泥作-壁磚貼飾,壁磚鋪貼,泥作-壁磚貼飾,True,泥作-壁磚貼飾,True
655c25e3-331f-4118-bcd8-ae731f98e355,5F小門廳木作天花施作,木作-天花封板,木作工程,木作-天花封板,True,木作-天花封板,True
65e3e66f-305d-499c-97c8-a05bbecae45e,13F~7F欄杆鐵件預埋,金屬-欄杆鐵件,鋼構電銲,其他,False,金屬-欄杆鐵件,True
6644d7de-47ee-4469-b592-41c99b0be920,電梯施作,設備-電梯,電梯軌道安裝,設備-電梯,True,設備-電梯,True
67c75709-bc6e-43a2-a0de-9d96059bdd1b,6F~4F室內地磚貼飾,泥作-地磚貼飾,地坪水泥砂漿打底,泥作-打底粉光,False,泥作-地磚貼飾,True
68390631-e6e1-4a33-86fa-04ef6f6d9ec6,R3F~R2F內部牆面粉光,泥作-打底粉光,防水中塗施作,防水-防水施作,False,泥作-打底粉光,True
6d079002-0033-4b35-b0c6-6c752bcd5899,R3F內部牆面粉光,泥作-打底粉光,牆面水泥粉刷,泥作-打底粉光,True,泥作-打底粉光,True
6f64ddac-8ce8-4f49-9297-8ffa12d58869,1F店面踢腳油漆施作及BF踢腳細部修繕,油漆-批土塗裝,油漆施作,油漆-批土塗裝,True,油漆-批土塗裝,True
713c3b28-370e-42c7-9816-07c7f98b9490,10F浴室壁磚貼飾,泥作-壁磚貼飾,壁磚鋪貼,泥作-壁磚貼飾,True,泥作-地磚貼飾,False
72325b8f-b528-43f6-b954-f851aabadc8d,14F內部牆面打底,泥作-打底粉光,牆面水泥粉刷,泥作-打底粉光,True,泥作-打底粉光,True
7334c45b-7d20-4828-80ca-3c362db64af1,舊基礎切削作業,基礎-連續壁,基樁鑽掘工項,基礎-連續壁,True,基礎-連續壁,True
7371beda-3d2b-48f5-ac87-bf228dc8b37d,5F小門廳木作天花施作,木作-天花封板,天花板封板,木作-天花封板,True,木作-天花封板,True
745c954b-0e59-4fd3-bfd9-80c8abb07fc0,初複驗油漆缺失修補及BF踢腳細部修繕,油漆-批土塗裝,油漆批土,油漆-批土塗裝,True,油漆-批土塗裝,True
75b68c4a-3b00-45df-b640-48abb51c586f,13F~7F外牆磁磚貼飾,泥作-壁磚貼飾,天花板磁磚鋪貼,木作-天花封板,False,泥作-壁磚貼飾,True
79b7b116-709c-4e65-af96-185a556d87a8,13F~7F欄杆鐵件預埋,金屬-欄杆鐵件,鋼構焊接,其他,False,設備-電梯,False
79fd35c8-84f3-4c1a-bfa6-94abf5c5ceed,初複驗油漆缺失修補及BF踢腳細部修繕,油漆-批土塗裝,牆角防水施作,防水-防水施作,False,油漆-批土塗裝,True
7aced359-20c3-4583-98c9-fb57c6669cc6,1F公設清潔,雜項-清潔,牆面清潔,雜項-清潔,True,雜項-清潔,True
81503f22-d2e5-4e5e-995d-f409bd4dcdc5,B2F公設地坪清潔,雜項-清潔,環氧樹脂地坪,其他,False,雜項-清潔,True
8403c33b-d7f5-432b-8f8b-945e206fdfcf,13F~7F欄杆鐵件預埋,金屬-欄杆鐵件,陽台鑽孔固定,其他,False,金屬-欄杆鐵件,True
8642773d-27b5-4426-9772-dcb2cbd92e90,13F~12F室內牆面油漆批土,油漆-批土塗裝,油漆批土,油漆-批土塗裝,True,油漆-批土塗裝,True
88dd3f00-f23d-4868-8064-ba1c3739ec6b,1F公設清潔,雜項-清潔,牆面清潔擦拭,雜項-清潔,True,油漆-批土塗裝,False
8972e7b2-0a35-4adf-8828-16b968c8d752,各戶地磚空心缺失改善,泥作-地磚貼飾,地坪打壓測試,其他,False,油漆-批土塗裝,False
8b0cb32a-04b3-4a3a-a5af-2d523c3f5433,中庭植栽整理及步道鋪設,植栽-景觀,步道景觀高架地磚鋪設,泥作-地磚貼飾,False,植栽-景觀,True
8b52f35a-db98-40eb-a76b-f857632d4022,R3F~R1F外部牆面打底,泥作-打底粉光,外牆泥作粉刷,泥作-打底粉光,True,泥作-打底粉光,True
8e1aa840-bdb9-421c-abe3-39647b6db30e,13F~12F室內牆面油漆批土,油漆-批土塗裝,油漆批土,油漆-批土塗裝,True,泥作-打底粉光,False
8e50518c-23dc-43e6-aa70-d05466276708,1F公設清潔,雜項-清潔,外牆磁磚鋪貼,泥作-壁磚貼飾,False,雜項-清潔,True
910f678c-f703-49ba-9ee5-5a914e75b13c,踢腳細部修繕,油漆-批土塗裝,地下室車道地坪漆,其他,False,油漆-批土塗裝,True
930151dd-81e9-456b-a60f-2ede7606cf7f,B2F公設地坪清潔,雜項-清潔,地坪清潔,雜項-清潔,True,雜項-清潔,True
97616987-1671-4d55-af6d-b4d0c3badfe3,舊基礎切削作業,基礎-連續壁,全套管基樁工程,基礎-連續壁,True,基礎-連續壁,True
9b73bc62-c843-4751-8c09-c6c2597796c8,"26F,25F走道主墻藍金漆面施作",油漆-批土塗裝,藝術漆塗佈,油漆-批土塗裝,True,油漆-批土塗裝,True
9faeb68a-663c-4ed0-acdd-00740f10a882,13F~7F外牆磁磚貼飾,泥作-壁磚貼飾,外牆磁磚鋪貼,泥作-壁磚貼飾,True,泥作-壁磚貼飾,True
9fcc46f5-54f6-4692-a164-e30f18ba9d6d,13F~7F外牆磁磚貼飾,泥作-壁磚貼飾,外牆磁磚鋪貼,泥作-壁磚貼飾,True,泥作-壁磚貼飾,True
a5326459-dbe6-430c-8d87-13156dc96f0d,舊基礎切削作業,基礎-連續壁,全套管基樁施工,基礎-連續壁,True,基礎-連續壁,True
a66ca180-9a9c-4c1a-bbf5-537b09e234e5,1F公設清潔,雜項-清潔,大理石牆面鋪設,其他,False,雜項-清潔,True
a6a68d74-5f44-4b17-8791-c682c1eb5837,16F以下北側樓梯間油漆踢腳,油漆-批土塗裝,油漆粉刷,油漆-批土塗裝,True,油漆-批土塗裝,True
a8a8ec37-78ed-4897-8723-91eabe58793f,電梯施作,設備-電梯,電梯主機安裝,設備-電梯,True,設備-電梯,True
adde277c-a9ab-460e-8bdd-6e0b9c8f9349,13F~7F外牆磁磚貼飾,泥作-壁磚貼飾,外牆磁磚鋪貼,泥作-壁磚貼飾,True,泥作-壁磚貼飾,True
b41ab1fd-516b-464d-a452-c46658b8648b,舊基礎切削作業,基礎-連續壁,全套管基樁工程,基礎-連續壁,True,基礎-連續壁,True
b5cf2777-8cee-42fd-a6f3-a142a9a5548c,R3F~R1F外部牆面打底,泥作-打底粉光,外牆泥作粉刷,泥作-打底粉光,True,泥作-打底粉光,True
b78b2ba3-112d-4a45-8e50-a1e69cf4a4b6,6F~4F室內地磚貼飾,泥作-地磚貼飾,地坪打底工程,泥作-打底粉光,False,油漆-批土塗裝,False
b9253d84-7db7-49e4-a7a7-e8c1eca3242b,25F走道墻面大面銀灰藝術漆,油漆-批土塗裝,牆面油漆批土,油漆-批土塗裝,True,油漆-批土塗裝,True
b9d23a68-bb79-4c50-83be-6c082cb41296,13F~7F欄杆鐵件預埋,金屬-欄杆鐵件,混凝土表面修飾,其他,False,泥作-壁磚貼飾,False
c362cb2b-b443-4b82-8aa9-f706bf21ddc2,14F內部牆面打底,泥作-打底粉光,泥作打底,泥作-打底粉光,True,木作-天花封板,False
c5034c09-c941-434f-91d5-7b1aa5215029,13F室內牆面油漆批土,油漆-批土塗裝,油漆批土,油漆-批土塗裝,True,泥作-打底粉光,False
c6592642-9d2b-4592-82ff-056a78c547af,1F公設清潔,雜項-清潔,木地板鋪設,其他,False,雜項-清潔,True
c6c4002a-9ae5-49c4-b64e-42fe18420e36,13F~7F欄杆鐵件預埋,金屬-欄杆鐵件,鋼構件焊接,其他,False,設備-電梯,False
c8becef3-3a1c-4b1d-81d2-c5db9f54f7d7,13F~7F外牆磁磚貼飾,泥作-壁磚貼飾,天花板打底泥作,泥作-打底粉光,False,泥作-壁磚貼飾,True
cccef4bb-37b2-4b47-81cc-7c5bf16a5fca,11F走道墻面藝術漆保護施作,油漆-批土塗裝,門框保護施作,其他,False,油漆-批土塗裝,True
d298c95b-a5ca-4e12-baef-f680eb3e0f53,6F室內地磚貼飾,泥作-地磚貼飾,地坪水泥砂漿壓光,其他,False,泥作-地磚貼飾,True
d42aca34-f495-41e8-b6a8-f7cc4ea7a84a,10F浴室壁磚貼飾,泥作-壁磚貼飾,壁磚鋪貼,泥作-壁磚貼飾,True,泥作-地磚貼飾,False
d57777d3-0e64-49c4-b46a-17db804dce50,各戶地磚空心缺失改善,泥作-地磚貼飾,淋浴門安裝,其他,False,泥作-地磚貼飾,True
d64e89a1-f2e2-4e3d-998d-74afd3f67159,R3F內部牆面粉光,泥作-打底粉光,牆面水泥粉刷,泥作-打底粉光,True,泥作-打底粉光,True
d790885d-3328-452e-8a0f-2d362d526fea,14F內部牆面打底,泥作-打底粉光,牆面水泥砂漿打底,泥作-打底粉光,True,泥作-打底粉光,True
d8bb3e15-9453-403a-834a-3bdbe046fc8f,"26F,25F走道主墻藍金漆面施作",油漆-批土塗裝,藝術漆塗佈,油漆-批土塗裝,True,油漆-批土塗裝,True
dcb9c452-1c7a-40cb-aa4b-051d543fe912,15F內部牆面打底,泥作-打底粉光,油漆批土,油漆-批土塗裝,False,油漆-批土塗裝,False
e00acf81-434e-477a-8697-64f72c99defe,R3F~R1F外部牆面打底,泥作-打底粉光,女兒牆水泥粉刷,泥作-打底粉光,True,泥作-壁磚貼飾,False
e1d94c1f-8a2c-4bf1-9333-56055f4e0fcf,1F中庭植栽缺失改善(枯死的),植栽-景觀,景觀植栽工程,植栽-景觀,True,植栽-景觀,True
e62388f4-893c-46bc-a829-bd56a3f7960c,13F~7F欄杆鐵件預埋,金屬-欄杆鐵件,陽台水泥砂漿打底,泥作-打底粉光,False,金屬-欄杆鐵件,True
e7c9dd1c-8b63-48fb-9410-9af3b1b886af,電梯施作,設備-電梯,電梯安裝工程,設備-電梯,True,設備-電梯,True
e8725441-a0b3-487b-ace4-3b788f3e5226,12F室內牆面油漆批土,油漆-批土塗裝,油漆批土,油漆-批土塗裝,True,油漆-批土塗裝,True
e8e4bc70-6e4d-48c3-a6ce-cf23516880dc,6F及4F~3F室內地磚貼飾,泥作-地磚貼飾,地磚鋪貼,泥作-地磚貼飾,True,泥作-地磚貼飾,True
ed9b01d0-c8e6-4a32-b731-22635623ed22,5F小門廳木作天花施作,木作-天花封板,天花板封板,木作-天花封板,True,木作-天花封板,True
ef346bfd-9dda-4443-af72-a97508d660a0,"16F,15F室內油漆踢腳",油漆-批土塗裝,地磚鋪貼,泥作-地磚貼飾,False,油漆-批土塗裝,True
ef431797-e693-4e3d-8067-2a6aff0b65f2,"16F,15F室內油漆踢腳",油漆-批土塗裝,地磚鋪貼,泥作-地磚貼飾,False,油漆-批土塗裝,True
f50b3683-d5e3-4649-92df-ef55bf4dbaa0,18F室內油漆踢腳,油漆-批土塗裝,油漆塗刷,油漆-批土塗裝,True,油漆-批土塗裝,True
f581bb50-9c3a-4f38-9e2b-375778b5bd15,12F室內牆面油漆批土,油漆-批土塗裝,油漆批土,油漆-批土塗裝,True,油漆-批土塗裝,True
f5ff4a75-7162-441a-a3b4-aecd945e2219,R3F~R2F內部牆面粉光,泥作-打底粉光,牆面水泥粉刷,泥作-打底粉光,True,泥作-打底粉光,True
f6cac5fa-35fa-4e5d-853e-31e35bc3f973,14F內部牆面打底,泥作-打底粉光,牆面水泥粉刷,泥作-打底粉光,True,泥作-打底粉光,True
f705b9cd-ba22-4aad-a584-5b3b3f7c02cd,13F~7F欄杆鐵件預埋,金屬-欄杆鐵件,植筋鑽孔,其他,False,金屬-欄杆鐵件,True
f7c30083-d68a-4c39-864d-d6d3cbe53065,14F輕隔間批土,油漆-批土塗裝,油漆批土,油漆-批土塗裝,True,油漆-批土塗裝,True
f965f977-a42d-45f0-8a06-634cb7dd9143,踢腳細部修繕,油漆-批土塗裝,環氧樹脂地坪漆油漆工程,油漆-批土塗裝,True,油漆-批土塗裝,True
fa2554bb-c4d4-49ff-a9a4-782d7a9aa9f8,10F浴室壁磚貼飾,泥作-壁磚貼飾,牆面磁磚鋪貼,其他,False,泥作-壁磚貼飾,True
ffd55a15-5d65-42d7-84e8-eb1ac371bc53,5F及2F小門廳木作天花施作,木作-天花封板,木作工程,木作-天花封板,True,木作-天花封板,True
