fileId,title,truth,gemini,geminiRaw,geminiConf,secondary,local,localProba,maxBoxArea,promptVersion,hit,code
01f40e46-2bfe-4b66-8a82-5ca98c605bb4,1F大廳公設清潔,雜項-清潔,其他,金屬格柵工程,,,雜項-清潔,0.16,0.0,v1-guess,True,
01f8b264-dfc8-482c-b691-4790a085e0f6,中庭植栽整理,植栽-景觀,植栽-景觀,景觀綠化及步道工程,0.88,其他|植栽-景觀,植栽-景觀,0.66,0.109,v3-2026-08-17,True,
0274c719-2cc0-4e15-aacd-fb30865269e5,1F人行道地磚貼飾,泥作-地磚貼飾,泥作-地磚貼飾,室內外地磚鋪貼,0.95,,植栽-景觀,0.18,0.195,v3-2026-08-17,False,C
039ac2f5-97ae-48e4-ae7d-978cb2094e5c,12F小門廳及浴室牆面打底,泥作-打底粉光,泥作-打底粉光,泥作粉刷工程,,,泥作-打底粉光,0.321,0.0,v1-guess,True,
0740993c-e17b-4407-9d41-e8707a985bcb,15F~14F浴室防水施作,防水-防水施作,防水-防水施作,防水工程,,,設備-電梯停車,0.192,0.0,v1-guess,False,C
084d4b23-ffb8-462e-bd40-b3ee27a4cedc,13F~7F外牆磁磚貼飾,泥作-壁磚貼飾,泥作-壁磚貼飾,外牆磁磚鋪貼,0.95,其他,泥作-壁磚貼飾,0.357,0.409,v3-2026-08-17,True,
094f600c-6e13-40ea-ac9d-506c1120921f,R2F內部牆面打底,泥作-打底粉光,泥作-打底粉光,泥作打底工程,,,泥作-打底粉光,0.19,0.0,v1-guess,True,
0b8d1952-a766-40cd-a463-b140c981bc64,6F浴室及陽台地磚貼飾,泥作-地磚貼飾,其他,浴室磁磚鋪貼,0.92,其他|其他,泥作-地磚貼飾,0.478,0.45,v3-2026-08-17,True,
0cfdf7e6-a240-4852-b101-68d4e6d7d244,18F-17F梯廳走道批土及底漆施作,油漆-批土塗裝,油漆-批土塗裝,牆面批土工程,,,油漆-批土塗裝,0.322,0.0,v1-guess,True,
1140126f-338a-4d7b-8f42-5bcba7e82592,13F~7F外牆磁磚貼飾,泥作-壁磚貼飾,泥作-壁磚貼飾,外牆磁磚鋪貼,0.85,泥作-打底粉光,泥作-壁磚貼飾,0.183,0.306,v3-2026-08-17,True,
16580156-74a0-453f-a92e-d93b0023940f,10F浴室壁磚貼飾,泥作-壁磚貼飾,泥作-壁磚貼飾,壁磚鋪貼,0.95,,泥作-地磚貼飾,0.216,0.001,v3-2026-08-17,False,C
1850fbee-ab13-417d-8f96-f58308b448cc,10F室內牆面油漆批土,油漆-批土塗裝,油漆-批土塗裝,油漆粉刷工程,,,泥作-打底粉光,0.141,0.0,v1-guess,False,C
1d734948-3b2b-4872-87d7-766e85959ace,1F人行道地磚貼飾,泥作-地磚貼飾,泥作-打底粉光,地坪打底砂漿鋪設,0.85,其他,植栽-景觀,0.321,0.155,v3-2026-08-17,False,D
201785c6-ac53-4dc7-8dea-467e8641203d,R3F~R1F外部牆面打底,泥作-打底粉光,泥作-打底粉光,泥作粉刷工程,,,泥作-打底粉光,0.202,0.0,v1-guess,True,
2bf1da4d-df0a-4ead-ac9d-194a1899f553,鋼筋加工場場地整理,雜項-清潔,,,,,基礎-連續壁,0.376,0.0,,False,E
2cfbc0de-5467-44f4-b0b8-9aa6581c7737,13F~7F外牆磁磚貼飾,泥作-壁磚貼飾,泥作-壁磚貼飾,外牆貼磁磚工程,,,泥作-壁磚貼飾,0.228,0.0,v1-guess,True,
2ddd524e-bf7f-4d65-8578-8ca625252ae7,21F走道主墻藍金漆面施作,油漆-批土塗裝,油漆-批土塗裝,藝術漆塗裝工程,,,油漆-批土塗裝,0.298,0.0,v1-guess,True,
2e976690-e7db-49d9-ae08-8fb32e2e925b,5F小門廳木作天花施作,木作-天花封板,木作-天花封板,天花板木骨架組立,0.95,其他,木作-天花封板,0.424,0.71,v3-2026-08-17,True,
30776b5b-8536-429d-a133-e19d2127f44b,5F小門廳木作天花板施作,木作-天花封板,其他,牆面石材裝修工程,,,木作-天花封板,0.191,0.0,v1-guess,True,
3c55a2eb-eace-43d1-a365-93e1fb24164d,BF踢腳油漆修補,油漆-批土塗裝,其他,環氧樹脂地坪工程,,,雜項-清潔,0.488,0.0,v1-guess,False,R
42b2350a-9c41-4c0f-a024-35053596342c,21F走道門鈴漆面施作,油漆-批土塗裝,油漆-批土塗裝,油漆塗裝工程,,,油漆-批土塗裝,0.252,0.0,v1-guess,True,
4432709f-ea18-460a-93fb-8bece4716009,15F~14F浴室防水施作,防水-防水施作,防水-防水施作,浴室防水工程,,,防水-防水施作,0.173,0.0,v1-guess,True,
44c0e037-536a-4e35-be02-f9f05f8938bf,R3F~R1F外部牆面打底,泥作-打底粉光,泥作-打底粉光,泥作打底工程,,,泥作-打底粉光,0.213,0.0,v1-guess,True,
465469fa-4a63-4019-8d37-529655ed9e79,B2F地坪及管線清潔,雜項-清潔,其他,環氧樹脂地坪,0.88,其他,雜項-清潔,0.352,0.36,v3-2026-08-17,True,
46c3863d-61df-4bee-9f33-d21c082ea0a4,14F內部牆面打底,泥作-打底粉光,泥作-打底粉光,牆面水泥砂漿抹灰,0.92,其他,泥作-打底粉光,0.201,0.21,v3-2026-08-17,True,
484c3dc6-272a-46e2-8b9f-41d2eeb3dc96,15F~14F浴室防水施作,防水-防水施作,防水-防水施作,防水工程,,,防水-防水施作,0.185,0.0,v1-guess,True,
4cbf6773-8f7b-421b-9760-b738f34433b9,10F室內牆面油漆批土,油漆-批土塗裝,油漆-批土塗裝,牆面油漆批土工程,,,油漆-批土塗裝,0.187,0.0,v1-guess,True,
51ddf411-1e56-42e5-b6fc-3064d9f7c016,5F小門廳木作天花板施作,木作-天花封板,其他,門框安裝工程,,,木作-天花封板,0.18,0.0,v1-guess,True,
51e56dc5-ec98-4976-9821-fbb81a449652,20F走道主墻藍金漆面施作,油漆-批土塗裝,油漆-批土塗裝,藝術漆塗裝,0.88,其他,油漆-批土塗裝,0.194,0.857,v3-2026-08-17,True,
53ec47bb-6ab6-4bdd-8f03-a0d43021ac91,4F~3F室內地磚貼飾,泥作-地磚貼飾,泥作-地磚貼飾,地磚鋪設工程,,,油漆-批土塗裝,0.234,0.0,v1-guess,False,C
5564187e-3815-452a-a69b-b1f491bc2856,13F~7F外牆磁磚貼飾,泥作-壁磚貼飾,其他,牆面隔音棉鋪設工程,,,泥作-壁磚貼飾,0.229,0.0,v1-guess,True,
5742c8e2-8cff-497b-9819-59d5e75468c6,14F輕隔間批土,輕隔間,油漆-批土塗裝,木作隔間批土AB膠,,,輕隔間,0.237,0.0,v1-guess,True,
586e6518-d25f-4221-9e30-06dc4d870bdf,14F內部牆面打底,泥作-打底粉光,泥作-打底粉光,泥作抹灰工程,,,輕隔間,0.17,0.0,v1-guess,False,C
58cc53ab-6eee-464c-b374-73ba8b9b2482,14F內部牆面打底,泥作-打底粉光,泥作-打底粉光,牆面泥作粉刷工程,,,泥作-打底粉光,0.262,0.0,v1-guess,True,
59a17d49-8a79-44ed-828a-8f2b0bfc7626,15F輕隔間批土,輕隔間,油漆-批土塗裝,油漆批土工程,,,輕隔間,0.239,0.0,v1-guess,True,
59b5e86e-c73d-4d5f-89b2-956f38b03da3,15F輕隔間批土,輕隔間,輕隔間,輕隔間批土工程,,,輕隔間,0.296,0.0,v1-guess,True,
5c038b41-031a-44cf-a757-e6ffcd7ae16d,舊基礎切削作業,基礎-連續壁,其他,全套管壓掘施工,0.88,其他,基礎-連續壁,0.564,0.285,v3-2026-08-17,True,
5c26e50e-db80-4cfe-9b99-6623178e7d70,電梯安裝,設備-電梯停車,設備-電梯停車,電梯安裝工程,,,設備-電梯停車,0.373,0.0,v1-guess,True,
5d5d0173-56ae-4c76-87c3-abf77f5c97d2,10F室內牆面油漆批土,油漆-批土塗裝,油漆-批土塗裝,牆面批土油漆工程,,,油漆-批土塗裝,0.163,0.0,v1-guess,True,
5e366f1d-d96d-4779-998b-5eaf349afafb,1F大廳公設清潔,雜項-清潔,泥作-地磚貼飾,地磚鋪設工程,,,泥作-地磚貼飾,0.216,0.0,v1-guess,False,A
6223872a-135f-4eaf-9af9-6ea1c57e4ff6,17F-16F室內油漆踢腳,油漆-批土塗裝,油漆-批土塗裝,踢腳板油漆工程,,,油漆-批土塗裝,0.318,0.0,v1-guess,True,
669470aa-b5bf-4bba-a4c2-c1dcebe1b2e1,4F~3F室內地磚貼飾,泥作-地磚貼飾,泥作-地磚貼飾,地磚鋪貼,0.92,泥作-打底粉光,泥作-地磚貼飾,0.283,0.136,v3-2026-08-17,True,
69723e79-c0c1-4fc8-ad28-34b72f1cfc5a,6F浴室及陽台地磚貼飾,泥作-地磚貼飾,泥作-地磚貼飾,地磚貼設工程,,,泥作-地磚貼飾,0.434,0.0,v1-guess,True,
6b6fc577-2e1b-4f5f-8993-19aed08b6082,6F浴室及陽台地磚貼飾,泥作-地磚貼飾,泥作-地磚貼飾,地磚貼設工程,,,泥作-地磚貼飾,0.441,0.0,v1-guess,True,
6d7fa921-a2aa-46ff-962a-d00d6434ee74,6F浴室及陽台地磚貼飾,泥作-地磚貼飾,泥作-打底粉光,泥作打底工程,,,泥作-壁磚貼飾,0.168,0.0,v1-guess,False,D
6e5d59c7-51b4-4f0b-adcc-7cbed5ec35b1,鋼筋加工場場地整理,雜項-清潔,其他,鋼板鋪設,0.85,雜項-清潔,基礎-連續壁,0.428,0.167,v3-2026-08-17,False,B
6f77d048-083b-4b72-876c-2fe8912bcc74,12F小門廳及浴室牆面打底,泥作-打底粉光,泥作-打底粉光,泥作打底工程,,,泥作-打底粉光,0.333,0.0,v1-guess,True,
6fbf682c-a6f7-4b0f-b90b-8891f5113786,4F~3F室內地磚貼飾,泥作-地磚貼飾,,,,,油漆-批土塗裝,0.189,0.096,v3-2026-08-17,False,E
71866b9f-1e38-4069-b041-9bbd094d90b9,5F小門廳木作天花板施作,木作-天花封板,其他,門框安裝工程,,,木作-天花封板,0.231,0.0,v1-guess,True,
74fd8214-0ea4-4869-880f-880114e1bc67,15F~14F浴室防水施作,防水-防水施作,防水-防水施作,防水工程,,,防水-防水施作,0.156,0.0,v1-guess,True,
764c2488-31a5-4cf2-bcab-93b2ead0d572,4F~3F室內地磚貼飾,泥作-地磚貼飾,泥作-地磚貼飾,地磚鋪設工程,,,泥作-地磚貼飾,0.374,0.0,v1-guess,True,
76c13e38-caf6-44c0-bd1d-b6c428d1dcf8,14F內部牆面打底,泥作-打底粉光,泥作-打底粉光,泥作粉刷工程,,,防水-防水施作,0.206,0.0,v1-guess,False,C
80adb24c-3fc3-46bd-9be4-95340d2d1cb7,"27F,25F室內油漆踢腳",油漆-批土塗裝,油漆-批土塗裝,踢腳板油漆,0.92,油漆-批土塗裝,油漆-批土塗裝,0.288,0.095,v3-2026-08-17,True,
80e14ce5-4be5-434e-8fad-29006522e1aa,18F-17F梯廳走道批土及底漆施作,油漆-批土塗裝,油漆-批土塗裝,油漆工程,,,油漆-批土塗裝,0.197,0.0,v1-guess,True,
824699e8-859d-4165-b487-34c0087f0192,舊基礎切削作業,基礎-連續壁,基礎-連續壁,基樁工程,0.88,其他,基礎-連續壁,0.602,0.031,v3-2026-08-17,True,
82c75952-803e-4475-95f1-de6f532138f2,13F室內牆面油漆批土,油漆-批土塗裝,泥作-打底粉光,牆面水泥粉刷,0.88,其他,泥作-地磚貼飾,0.163,0.033,v3-2026-08-17,False,D
8370ee7d-9289-4ef7-a948-bb8ebfc1c3fb,13F~7F外部牆面打底,泥作-打底粉光,泥作-打底粉光,泥作粉刷工程,,,木作-天花封板,0.172,0.0,v1-guess,False,C
867aefda-f0fc-4c90-bb67-3e4d81b341fa,舊基礎切削作業,基礎-連續壁,基礎-連續壁,基樁工程,,,基礎-連續壁,0.608,0.0,v1-guess,True,
86e5b9af-0d64-4289-b666-3ce108ae30a8,10F~9F室內牆面油漆噴漆,油漆-批土塗裝,油漆-批土塗裝,油漆噴塗,0.95,油漆-批土塗裝,輕隔間,0.191,0.066,v3-2026-08-17,False,C
8782f237-6d3f-494d-afd0-ae13b819cf5a,R2F室內牆面打底,泥作-打底粉光,泥作-打底粉光,泥作打底工程,,,泥作-打底粉光,0.203,0.0,v1-guess,True,
8a2e927c-d349-487f-9d35-6d1ea38eccbb,5F植栽施作,植栽-景觀,植栽-景觀,陽台景觀綠化工程,,,植栽-景觀,0.608,0.0,v1-guess,True,
924a3eb9-245f-4821-95cb-089775d30748,17F-16F室內油漆踢腳,油漆-批土塗裝,油漆-批土塗裝,油漆工程,,,油漆-批土塗裝,0.307,0.0,v1-guess,True,
93aaf459-f28b-4cd3-82e1-4534faaa1b7b,電梯車廂鏡面及黑玻安裝,設備-電梯停車,設備-電梯停車,電梯車廂組裝,0.88,其他,雜項-清潔,0.191,0.258,v3-2026-08-17,False,C
96e2ad6e-45d7-4021-ba95-f7e601aafb94,4F室內地磚貼飾,泥作-地磚貼飾,泥作-地磚貼飾,地磚鋪設工程,,,泥作-地磚貼飾,0.458,0.0,v1-guess,True,
9a5f3f43-bbab-4660-a2b8-df6fa1ca4017,13F~7F外部牆面打底,泥作-打底粉光,泥作-打底粉光,泥作打底工程,,,防水-防水施作,0.192,0.0,v1-guess,False,C
9b694250-c980-4edd-849a-0d5d016f53c9,15F~14F浴室防水施作,防水-防水施作,防水-防水施作,防水工程,,,防水-防水施作,0.17,0.0,v1-guess,True,
9c0d2685-21d4-46af-a1f8-80dd23d5022f,R3F內部牆面打底,泥作-打底粉光,泥作-打底粉光,牆面水泥粉刷,0.95,,泥作-打底粉光,0.25,0.305,v3-2026-08-17,True,
9e6b9a6c-6285-4ad2-949a-2c04b8444594,R2F內部牆面打底,泥作-打底粉光,泥作-打底粉光,磚牆砌築工程,,,泥作-打底粉光,0.183,0.0,v1-guess,True,
9f52b559-a699-4d53-a71c-21338a4f3baf,R3F~R1F外部牆面打底,泥作-打底粉光,泥作-打底粉光,外牆泥作粉刷,0.95,泥作-打底粉光|其他,泥作-打底粉光,0.221,0.679,v3-2026-08-17,True,
a183f1ef-7c20-4cbb-bca6-a79092d43734,15F~14F浴室防水施作,防水-防水施作,防水-防水施作,牆面防水工程,,,輕隔間,0.149,0.0,v1-guess,False,C
a42b2ca5-9fc2-4d3e-a35b-d76f0acd00e3,10F~9F室內牆面油漆噴漆,油漆-批土塗裝,油漆-批土塗裝,油漆批土,0.88,,油漆-批土塗裝,0.23,0.242,v3-2026-08-17,True,
a639be11-1ca4-4c66-a967-d3ac4f9c3083,4F~3F室內地磚貼飾,泥作-地磚貼飾,泥作-地磚貼飾,地磚鋪設工程,,,泥作-地磚貼飾,0.161,0.0,v1-guess,True,
a7e33cf8-9a07-48d5-a311-b15735f9748f,5F小門廳木作天花板施作,木作-天花封板,木作-天花封板,木作工程,,,木作-天花封板,0.274,0.0,v1-guess,True,
a9f763f6-4944-404e-a0b6-1b7a40869199,14F內部牆面打底,泥作-打底粉光,泥作-打底粉光,牆面水泥粉刷,0.88,其他|其他,泥作-打底粉光,0.265,0.2,v3-2026-08-17,True,
aa857e27-5c55-4003-8c09-9887e0514a96,4F小門廳木作天花板施作,木作-天花封板,木作-天花封板,天花板木作工程,,,木作-天花封板,0.254,0.0,v1-guess,True,
ac8cca84-252c-4c26-9f92-9cc1a4f992db,R3F~R1F外部牆面打底,泥作-打底粉光,泥作-打底粉光,外牆泥作粉刷,0.95,其他,泥作-打底粉光,0.266,0.613,v3-2026-08-17,True,
afb8c44b-120a-4ceb-ba39-584dc4ebc434,"4F,2F走道墻面門鈴處漆面施作",油漆-批土塗裝,油漆-批土塗裝,油漆批土,0.95,,油漆-批土塗裝,0.331,0.004,v3-2026-08-17,True,
b0b6cd1a-0ce0-4ac6-9931-3137d9ca4476,R3F內部牆面打底,泥作-打底粉光,泥作-打底粉光,牆面水泥砂漿粉刷,0.95,其他,泥作-打底粉光,0.21,0.781,v3-2026-08-17,True,
b3bb8ead-8e0a-4366-ba2c-46182ab8b7c8,電梯安裝,設備-電梯停車,設備-電梯停車,電梯安裝工程,,,設備-電梯停車,0.279,0.0,v1-guess,True,
bbabd15a-19c0-41a2-b7d5-9a073e1c4d23,BF車道線補畫,油漆-批土塗裝,其他,車道環氧樹脂工程,,,雜項-清潔,0.34,0.0,v1-guess,False,R
bd0ff669-90ef-4b50-98aa-a2bb86f2f07c,10F浴室壁磚貼飾,泥作-壁磚貼飾,其他,牆面磁磚鋪貼,0.95,防水-防水施作,輕隔間,0.179,0.105,v3-2026-08-17,False,R
bd2c5d3a-d18c-49b3-a5fe-5b8a80a0c20e,電梯車廂鏡面及黑玻安裝,設備-電梯停車,其他,壁面裝修量測,0.85,其他|設備-電梯停車,油漆-批土塗裝,0.257,0.16,v3-2026-08-17,False,B
bfc5325a-471d-4294-a127-701342170c3f,14F內部牆面打底,泥作-打底粉光,泥作-打底粉光,泥作粉刷工程,,,泥作-打底粉光,0.226,0.0,v1-guess,True,
bfe31911-872d-47a9-b5ec-317273856c32,13F~7F外牆磁磚貼飾,泥作-壁磚貼飾,泥作-壁磚貼飾,外牆貼磁磚工程,,,泥作-壁磚貼飾,0.302,0.0,v1-guess,True,
c08b901d-a842-42ea-a63d-fd1b19393565,4F室內地磚貼飾,泥作-地磚貼飾,泥作-地磚貼飾,地磚鋪貼工程,,,泥作-地磚貼飾,0.172,0.0,v1-guess,True,
c0d466fd-337f-4c50-879e-65c20347a002,BF踢腳油漆修補及1F店面踢腳油漆施作,油漆-批土塗裝,油漆-批土塗裝,油漆批土,0.85,其他,泥作-地磚貼飾,0.242,0.065,v3-2026-08-17,False,C
c0e791dc-ad67-4f26-9159-7441cdd01917,13F~7F外牆磁磚貼飾,泥作-壁磚貼飾,泥作-壁磚貼飾,外牆貼磁磚工程,,,泥作-壁磚貼飾,0.337,0.0,v1-guess,True,
c1654f6f-d0b5-4828-a0e0-76bc1d6bc29a,"27F,25F室內油漆踢腳",油漆-批土塗裝,油漆-批土塗裝,油漆修補,0.88,,油漆-批土塗裝,0.316,0.005,v3-2026-08-17,True,
c273e298-c7e7-4917-9fc2-38c3ce97429a,B2F地坪及管線清潔,雜項-清潔,油漆-批土塗裝,管線油漆塗裝,0.88,其他|油漆-批土塗裝,雜項-清潔,0.299,0.241,v3-2026-08-17,True,
c2bf8c48-15b7-4156-8779-69cc0318cf94,"4F,2F走道墻面門鈴處漆面施作",油漆-批土塗裝,油漆-批土塗裝,油漆批土,0.95,木作-天花封板,油漆-批土塗裝,0.299,0.243,v3-2026-08-17,True,
c45c7ecd-5668-41be-b2fb-0797e057364d,6F浴室及陽台地磚貼飾,泥作-地磚貼飾,泥作-打底粉光,泥作貼磚打底工程,,,泥作-地磚貼飾,0.322,0.0,v1-guess,True,
c6149a76-30dc-4dd8-b294-b4ecf0ab2da3,中庭植栽整理,植栽-景觀,泥作-地磚貼飾,景觀地磚鋪貼,0.88,植栽-景觀,植栽-景觀,0.69,0.115,v3-2026-08-17,True,
c6dbd022-b8cc-4543-9c37-ddc81f77663c,10F室內牆面油漆批土,油漆-批土塗裝,油漆-批土塗裝,油漆批土工程,,,輕隔間,0.197,0.0,v1-guess,False,C
c7b59f12-d1d1-402f-a2da-87d5e50bad4f,5F小門廳木作天花施作,木作-天花封板,木作-天花封板,天花板電氣配管,0.92,木作-天花封板,木作-天花封板,0.268,0.231,v3-2026-08-17,True,
c8f9cfb0-8797-45e2-8c6f-3b8b2d3aa906,13F~7F外牆磁磚貼飾,泥作-壁磚貼飾,泥作-壁磚貼飾,外牆貼磁磚工程,,,泥作-壁磚貼飾,0.234,0.0,v1-guess,True,
cbffe996-76cb-41af-8dbf-594b14a6bd27,舊基礎切削作業,基礎-連續壁,基礎-連續壁,全套管基礎工程,,,基礎-連續壁,0.586,0.0,v1-guess,True,
cf9ba3aa-85bf-4b33-857e-2ca9db456e04,13F~7F外牆磁磚貼飾,泥作-壁磚貼飾,泥作-壁磚貼飾,外牆貼磁磚工程,,,泥作-壁磚貼飾,0.286,0.0,v1-guess,True,
d20a6419-9da6-4cfd-9b65-817383683565,6F浴室及陽台地磚貼飾,泥作-地磚貼飾,泥作-打底粉光,地坪打底砂漿,0.92,其他,泥作-地磚貼飾,0.182,0.052,v3-2026-08-17,True,
d30ae878-d3d0-422d-8ad5-c01d9263ae23,電梯施作,設備-電梯停車,設備-電梯停車,電梯軌道安裝,0.88,設備-電梯停車,設備-電梯停車,0.274,0.281,v3-2026-08-17,True,
d3a978eb-eaf2-428d-9ace-fddc5fef9d26,6F浴室及陽台地磚貼飾,泥作-地磚貼飾,泥作-壁磚貼飾,地磚與壁磚張貼工程,,,泥作-地磚貼飾,0.423,0.0,v1-guess,True,
d48f0925-a4d3-47e8-b9c7-9bf63c9b20bb,21F走道主墻藍金漆面施作,油漆-批土塗裝,油漆-批土塗裝,油漆塗裝工程,,,油漆-批土塗裝,0.312,0.0,v1-guess,True,
da1756c6-37e1-4960-a46c-59fcdee98a44,鋼筋加工場場地整理,雜項-清潔,,,,,基礎-連續壁,0.251,0.0,,False,E
dc2d278c-6802-4cc3-ae70-1105967eb96f,13F室內牆面油漆批土,油漆-批土塗裝,油漆-批土塗裝,油漆批土,0.95,輕隔間,輕隔間,0.231,0.098,v3-2026-08-17,False,C
dd1410fb-bfca-4d59-9162-df2c5cd4aa9f,21F走道門鈴漆面施作,油漆-批土塗裝,油漆-批土塗裝,油漆批土工程,,,油漆-批土塗裝,0.2,0.0,v1-guess,True,
e61d9aec-c0f9-4927-85e2-dc13d94e66a7,BF踢腳板細部修繕,油漆-批土塗裝,,,,,雜項-清潔,0.201,0.0,,False,E
e922a5b2-bc21-4369-be07-9731719fd8ce,20F走道主墻藍金漆面施作,油漆-批土塗裝,油漆-批土塗裝,牆面油漆彩繪,0.95,木作-天花封板,油漆-批土塗裝,0.282,0.388,v3-2026-08-17,True,
e9798226-c8bf-4d57-9561-8ebf28f692cd,4F~3F室內地磚貼飾,泥作-地磚貼飾,泥作-地磚貼飾,地磚鋪設工程,,,泥作-地磚貼飾,0.353,0.0,v1-guess,True,
e9824d88-c7e3-477a-b963-671eaf8cb19a,4F小門廳木作天花板施作,木作-天花封板,木作-天花封板,天花板木作工程,,,木作-天花封板,0.277,0.0,v1-guess,True,
eac84554-24fb-476d-baef-0d7826802163,鋼筋加工場場地整理,雜項-清潔,,,,,基礎-連續壁,0.324,0.0,,False,E
ecf1d9a0-0f99-4220-9c38-d6b8ab9f32f1,R2F室內牆面打底,泥作-打底粉光,泥作-打底粉光,泥作打底工程,,,泥作-打底粉光,0.189,0.0,v1-guess,True,
f467ba80-efe6-4a1f-8e52-a863e41903c3,BF踢腳油漆修補,油漆-批土塗裝,油漆-批土塗裝,油漆工程,,,木作-天花封板,0.189,0.0,v1-guess,False,C
f56da659-9c5c-45ab-b2fb-70ee28e2c202,5F植栽施作,植栽-景觀,泥作-打底粉光,泥作打底工程,,,防水-防水施作,0.159,0.0,v1-guess,False,D
f88cfda9-2111-4aaa-9195-829d54188a5f,BF踢腳油漆修補及1F店面踢腳油漆施作,油漆-批土塗裝,其他,地坪塗裝,0.88,其他,雜項-清潔,0.519,0.022,v3-2026-08-17,False,R
f965f977-a42d-45f0-8a06-634cb7dd9143,踢腳細部修繕,油漆-批土塗裝,油漆-批土塗裝,環氧樹脂地坪漆油漆工程,,,雜項-清潔,0.201,0.0,v1-guess,False,C
fa4026e3-ecd7-4d8f-b825-fe13157da2d2,電梯施作,設備-電梯停車,其他,電梯門框安裝,0.92,設備-電梯停車,設備-電梯停車,0.333,0.092,v3-2026-08-17,True,
fa5f0eab-aaf0-4b2f-b62c-70cb6666ce79,14F輕隔間批土,輕隔間,輕隔間,輕隔間AB膠批土工程,,,輕隔間,0.277,0.0,v1-guess,True,
fbcd7e2c-74b0-41dd-8073-1227d0626a49,6F浴室及陽台地磚貼飾,泥作-地磚貼飾,泥作-地磚貼飾,地磚貼設打底工程,,,泥作-地磚貼飾,0.17,0.0,v1-guess,True,
ffa7b359-dea6-402d-85a2-b504da64b02d,BF車道線補畫,油漆-批土塗裝,其他,車道地坪工程,,,雜項-清潔,0.215,0.0,v1-guess,False,R
